City_ID,City,Country,Lat,Lng,Max Temp,Humidity,Cloudiness,Wind Speed,Current Description
0,Ushuaia,AR,-54.8,-68.3,38.86,87,20,9.22,few clouds
1,Saint-Pierre,RE,-21.3393,55.4781,73.29,72,0,5.75,clear sky
2,Severo-Kurilsk,RU,50.6789,156.125,36.23,85,83,8.43,broken clouds
3,Totma,RU,59.9747,42.7642,26.56,96,83,3.58,broken clouds
4,Copperas Cove,US,31.1241,-97.9031,80.8,61,75,11.5,broken clouds
5,Alausi,EC,-2.2,-78.8333,48.27,89,98,6.02,overcast clouds
6,Busselton,AU,-33.65,115.3333,65.37,73,64,2.75,broken clouds
7,Vaini,TO,-21.2,-175.2,79.52,82,100,15.21,overcast clouds
8,Cabedelo,BR,-6.9811,-34.8339,77.67,83,23,9.71,few clouds
9,Tasiilaq,GL,65.6145,-37.6368,19.18,56,75,4.81,broken clouds
10,Rikitea,PF,-23.1203,-134.9692,76.59,70,100,6.2,overcast clouds
11,Thompson,CA,55.7435,-97.8558,26.76,86,100,12.66,overcast clouds
12,Egvekinot,RU,66.3167,-179.1667,18.3,62,20,3.71,few clouds
13,Constantine,DZ,36.365,6.6147,49.41,87,0,5.75,clear sky
14,East London,ZA,-33.0153,27.9116,60.64,77,0,6.58,clear sky
15,Prijepolje,RS,43.3719,19.6406,46.49,96,100,2.68,overcast clouds
16,Bonavista,CA,48.6499,-53.1147,36.99,96,100,3.04,overcast clouds
17,Half Moon Bay,US,37.4636,-122.4286,75.54,77,0,12.66,haze
18,New Norfolk,AU,-42.7826,147.0587,65.91,64,100,1.99,overcast clouds
19,Touros,BR,-5.1989,-35.4608,79.18,83,98,10.8,overcast clouds
20,Qaanaaq,GL,77.484,-69.3632,6.3,68,19,6.46,few clouds
21,Neiafu,TO,-18.65,-173.9833,86.68,79,75,5.75,broken clouds
22,Kodiak,US,57.79,-152.4072,39.31,88,98,12.37,overcast clouds
23,Bengkulu,ID,-3.8004,102.2655,78.94,81,99,3.85,overcast clouds
24,Cap Malheureux,MU,-19.9842,57.6142,73.47,80,2,7.76,clear sky
25,Cidreira,BR,-30.1811,-50.2056,64.69,72,100,6.64,overcast clouds
26,Taoudenni,ML,22.6783,-3.9836,77.61,23,6,10.09,clear sky
27,Abaetetuba,BR,-1.7181,-48.8825,74.8,97,100,7.18,moderate rain
28,Georgetown,MY,5.4112,100.3354,82.33,89,40,6.91,scattered clouds
29,Luoyang,CN,34.6836,112.4536,71.44,20,7,8.48,clear sky
30,Ukiah,US,39.1502,-123.2078,76.64,51,0,5.99,clear sky
31,Hermanus,ZA,-34.4187,19.2345,59.81,85,27,9.37,scattered clouds
32,Kharhial,IN,20.2833,82.7667,87.28,43,10,6.17,clear sky
33,Chimore,BO,-16.9833,-65.1333,73.62,87,100,2.93,overcast clouds
34,Husavik,IS,66.0449,-17.3389,27.36,75,100,8.41,overcast clouds
35,Cape Town,ZA,-33.9258,18.4232,59.11,80,100,5.01,overcast clouds
36,Jamestown,US,42.097,-79.2353,55.02,92,100,3.0,overcast clouds
37,Ayan,RU,56.45,138.1667,30.63,91,96,5.3,overcast clouds
38,Albany,US,42.6001,-73.9662,58.17,47,100,2.04,overcast clouds
39,Yulara,AU,-25.2406,130.9889,66.61,41,99,11.03,overcast clouds
40,Punta Arenas,CL,-53.15,-70.9167,42.53,76,0,7.72,clear sky
41,Dikson,RU,73.5069,80.5464,10.45,94,100,11.34,overcast clouds
42,Anito,PH,12.4497,125.2886,84.15,67,100,6.85,overcast clouds
43,San Quintin,MX,30.4833,-115.95,61.97,72,0,14.99,clear sky
44,Lompoc,US,34.6391,-120.4579,67.57,69,0,28.01,clear sky
45,Leningradskiy,RU,69.3833,178.4167,18.77,75,80,8.88,broken clouds
46,Baoying,CN,33.2292,119.3092,66.22,48,41,11.43,scattered clouds
47,Tiksi,RU,71.6872,128.8694,17.17,82,60,11.01,broken clouds
48,Atuona,PF,-9.8,-139.0333,78.37,81,100,13.0,overcast clouds
49,Lebu,CL,-37.6167,-73.65,52.45,90,0,15.1,clear sky
50,Carmo,BR,-21.9336,-42.6086,66.96,86,0,3.65,clear sky
51,Calvia,ES,39.5657,2.5062,59.92,83,11,5.91,few clouds
52,Palmer,US,42.1584,-72.3287,56.77,61,100,4.29,overcast clouds
53,Tsuruoka,JP,38.7217,139.8217,51.48,54,16,7.96,few clouds
54,Maragogi,BR,-9.0122,-35.2225,76.55,87,32,5.55,scattered clouds
55,Saint Anthony,US,45.0205,-93.218,44.65,85,100,14.97,overcast clouds
56,Mahebourg,MU,-20.4081,57.7,73.26,94,20,1.14,few clouds
57,Campbell River,CA,50.0163,-125.2446,54.59,83,100,11.39,overcast clouds
58,Kanye,BW,-24.9667,25.3327,56.64,59,0,5.46,clear sky
59,Kavieng,PG,-2.5744,150.7967,84.94,71,86,9.6,overcast clouds
60,Hilo,US,19.7297,-155.09,77.29,97,100,4.61,moderate rain
61,Pevek,RU,69.7008,170.3133,19.85,70,100,8.21,overcast clouds
62,Male,MV,4.1748,73.5089,85.24,74,100,17.25,overcast clouds
63,Praia,CV,14.9215,-23.5087,70.34,78,20,5.75,few clouds
64,Bluff,NZ,-46.6,168.3333,64.8,74,34,11.77,scattered clouds
65,Port Alfred,ZA,-33.5906,26.891,60.13,83,5,7.38,clear sky
66,Hasaki,JP,35.7333,140.8333,59.29,54,100,13.91,overcast clouds
67,Guerrero Negro,MX,27.9769,-114.0611,63.75,72,6,17.9,clear sky
68,Dingle,PH,10.9995,122.6711,84.96,67,54,7.99,broken clouds
69,Faanui,PF,-16.4833,-151.75,81.41,72,54,8.28,light rain
70,Yellowknife,CA,62.456,-114.3525,45.12,49,0,12.66,clear sky
71,Bagdarin,RU,54.4333,113.6,52.66,47,100,11.05,overcast clouds
72,Victoria,HK,22.2855,114.1577,64.26,92,100,8.99,overcast clouds
73,Monze,ZM,-16.2833,27.4833,60.42,64,86,5.3,overcast clouds
74,Nikolskoye,RU,59.7035,30.7861,39.7,93,47,5.14,scattered clouds
75,Chumphon,TH,10.3333,98.8333,74.98,94,100,1.86,overcast clouds
76,Verkh-Usugli,RU,52.7,115.1667,59.88,40,100,14.52,overcast clouds
77,Castro,BR,-24.7911,-50.0119,62.89,88,100,2.15,overcast clouds
78,Fortuna,US,40.5982,-124.1573,59.94,76,0,13.8,clear sky
79,Bredasdorp,ZA,-34.5322,20.0403,54.63,94,52,3.62,broken clouds
80,Piquete,BR,-22.6136,-45.1761,64.69,89,0,2.57,clear sky
81,Kaniama,CD,-7.5667,24.1833,66.33,95,97,3.53,overcast clouds
82,Umm Kaddadah,SD,13.6017,26.6876,79.83,13,0,5.66,clear sky
83,Coahuayana,MX,18.7333,-103.6833,78.1,58,6,4.16,clear sky
84,Timmins,CA,48.4669,-81.3331,55.22,41,100,10.36,overcast clouds
85,Orlik,RU,52.5178,99.825,48.34,45,92,3.29,overcast clouds
86,Champerico,GT,14.3,-91.9167,88.34,68,90,6.08,overcast clouds
87,Mar Del Plata,AR,-38.0023,-57.5575,51.87,71,75,18.99,broken clouds
88,Cabo Rojo,PR,18.0866,-67.1457,79.9,83,100,8.01,light rain
89,Avarua,CK,-21.2078,-159.775,84.25,70,80,4.61,broken clouds
90,Sao Pedro,BR,-22.5486,-47.9139,68.58,61,17,1.86,few clouds
91,Valle De Allende,MX,26.9333,-105.4,83.98,6,43,18.84,scattered clouds
92,Hamilton,US,39.1834,-84.5333,64.35,66,10,9.19,clear sky
93,Ryotsu,JP,38.0833,138.4333,52.41,59,75,2.86,broken clouds
94,Grand Gaube,MU,-20.0064,57.6608,73.38,80,3,7.72,clear sky
95,Bethel,US,41.3712,-73.414,57.36,53,100,4.0,overcast clouds
96,Warri,NG,5.5167,5.75,76.17,86,100,2.37,overcast clouds
97,Saint George,US,37.1041,-113.5841,73.63,13,3,14.0,clear sky
98,Chuy,UY,-33.6971,-53.4616,50.56,83,0,6.96,clear sky
99,Fukue,JP,32.6881,128.8419,62.96,42,100,11.54,overcast clouds
100,Buala,SB,-8.145,159.5921,84.76,70,98,4.38,light rain
101,Comodoro Rivadavia,AR,-45.8667,-67.5,47.75,81,60,4.05,broken clouds
102,Caconda,AO,-13.7333,15.0667,55.9,74,1,4.61,clear sky
103,Geraldton,AU,-28.7667,114.6,64.81,63,0,8.05,clear sky
104,Oranjestad,AW,12.524,-70.027,80.55,83,20,24.16,few clouds
105,Caravelas,BR,-17.7125,-39.2481,74.03,81,0,5.19,clear sky
106,Kaitangata,NZ,-46.2817,169.8464,62.22,63,33,4.97,scattered clouds
107,Monrovia,LR,6.3005,-10.7969,80.47,82,100,8.12,moderate rain
108,Port Blair,IN,11.6667,92.75,80.64,89,75,2.3,mist
109,Talnakh,RU,69.4865,88.3972,20.21,94,100,7.65,light snow
110,Katete,UG,-0.7818,29.7544,58.53,93,100,3.09,overcast clouds
111,Berlevag,NO,70.8578,29.0864,19.2,72,98,11.34,overcast clouds
112,Koumac,NC,-20.5667,164.2833,79.66,75,59,4.61,broken clouds
113,Sao Jose Da Coroa Grande,BR,-8.8978,-35.1478,77.07,87,24,6.22,few clouds
114,Xuddur,SO,4.1213,43.8894,71.51,91,100,10.6,light rain
115,Road Town,VG,18.4167,-64.6167,78.87,82,100,15.9,light rain
116,Hithadhoo,MV,-0.6,73.0833,85.53,72,100,17.67,overcast clouds
117,Nemuro,JP,43.3236,145.575,41.05,96,100,28.83,overcast clouds
118,Barrow,US,71.2906,-156.7887,19.42,86,100,13.8,overcast clouds
119,Fairbanks,US,64.8378,-147.7164,56.61,34,100,1.01,overcast clouds
120,Ilebo,CD,-4.3167,20.5833,68.65,99,59,1.74,broken clouds
121,Butaritari,KI,3.0707,172.7902,81.37,78,33,12.71,light rain
122,Culfa,AZ,38.9558,45.6308,60.67,70,100,4.99,overcast clouds
123,Kununurra,AU,-15.7667,128.7333,87.78,40,7,12.66,clear sky
124,Vila Velha,BR,-20.3297,-40.2925,78.75,80,0,9.22,clear sky
125,Narsaq,GL,60.9167,-46.05,41.22,80,100,1.72,overcast clouds
126,Gallup,US,35.5281,-108.7426,69.64,10,0,26.46,clear sky
127,Manta,EC,-0.95,-80.7333,75.09,82,100,6.2,overcast clouds
128,Soma,TR,39.1855,27.6094,50.31,95,100,7.31,overcast clouds
129,Okha,RU,53.5739,142.9478,33.69,94,100,7.58,overcast clouds
130,Klaksvik,FO,62.2266,-6.589,40.12,71,63,22.84,broken clouds
131,Cockburn Town,TC,21.4612,-71.1419,77.09,82,54,24.47,broken clouds
132,Puerto Ayora,EC,-0.7393,-90.3518,72.41,89,59,4.76,broken clouds
133,Saldanha,ZA,-33.0117,17.9442,55.45,69,24,7.14,few clouds
134,Saint-Philippe,RE,-21.3585,55.7679,73.22,84,0,2.89,clear sky
135,Arraial Do Cabo,BR,-22.9661,-42.0278,75.54,82,2,12.88,clear sky
136,Hambantota,LK,6.1241,81.1185,77.34,100,20,3.44,few clouds
137,Saryozek,KZ,44.3583,77.9753,66.07,37,100,8.25,overcast clouds
138,Sinnamary,GF,5.3833,-52.95,77.79,84,95,11.14,overcast clouds
139,Kapaa,US,22.0752,-159.319,84.18,81,40,14.97,light rain
140,Beyneu,KZ,45.3167,55.2,58.87,50,0,14.47,clear sky
141,Kodarma,IN,24.4667,85.6,79.7,61,5,8.32,clear sky
142,Tromso,NO,69.6496,18.957,32.38,93,100,3.44,light snow
143,Mananjary,MG,-21.2167,48.3333,70.75,92,24,8.5,few clouds
144,Chany,RU,55.3121,76.7647,40.28,59,12,11.12,few clouds
145,Lavrentiya,RU,65.5833,-171.0,18.9,73,11,11.5,few clouds
146,Urumqi,CN,43.801,87.6005,70.75,11,0,26.84,clear sky
147,Torbay,CA,47.6666,-52.7314,43.29,90,100,1.99,overcast clouds
148,Vanavara,RU,60.34,102.2797,31.66,54,100,7.54,overcast clouds
149,Sambava,MG,-14.2667,50.1667,77.2,85,75,7.81,broken clouds
150,Saint-Paul,RE,-21.0096,55.2707,73.74,80,0,2.8,clear sky
151,Sibolga,ID,1.7427,98.7792,78.71,83,100,2.51,overcast clouds
152,Molango,MX,20.7833,-98.7167,61.66,94,100,1.99,overcast clouds
153,Yatou,CN,37.15,122.3833,58.62,33,3,10.36,clear sky
154,Guaymas,MX,27.9333,-110.9,82.89,34,0,11.5,clear sky
155,Ilulissat,GL,69.2167,-51.1,17.62,67,9,0.0,clear sky
156,Gornyy,RU,55.1153,83.9059,46.09,90,100,4.36,light rain
157,Ribeira Grande,PT,38.5167,-28.7,62.24,83,11,3.06,few clouds
158,Amot,NO,59.5714,7.9877,31.82,90,87,5.84,overcast clouds
159,Aykhal,RU,66.0,111.5,20.79,85,21,14.94,few clouds
160,Souillac,MU,-20.5167,57.5167,73.8,85,0,5.57,clear sky
161,Eisiskes,LT,54.1667,25.0,40.42,95,86,5.23,overcast clouds
162,Mattru,SL,7.6244,-11.8332,77.79,89,64,1.7,broken clouds
163,Longyearbyen,SJ,78.2186,15.6401,12.04,67,100,2.3,overcast clouds
164,Xingyi,CN,24.1877,102.817,46.49,84,100,4.99,overcast clouds
165,Luba,GQ,3.4568,8.5547,81.1,83,100,7.43,light rain
166,Beringovskiy,RU,63.05,179.3167,20.19,74,32,14.63,scattered clouds
167,San Patricio,US,28.017,-97.5169,81.32,81,97,15.5,overcast clouds
168,Mataura,NZ,-46.1927,168.8643,64.47,55,26,5.37,scattered clouds
169,Salalah,OM,17.0151,54.0924,81.16,81,69,2.98,broken clouds
170,Baiyin,CN,36.5583,104.2081,51.96,35,0,8.88,clear sky
171,Price,US,39.5994,-110.8107,53.92,47,89,14.32,overcast clouds
172,Laguna,US,38.421,-121.4238,84.49,18,0,16.11,clear sky
173,San Ramon,US,37.7799,-121.978,79.02,45,0,17.27,clear sky
174,Sakhon Nakhon,TH,17.1612,104.1472,71.55,78,75,6.91,broken clouds
175,Bonthe,SL,7.5264,-12.505,80.8,84,26,5.28,scattered clouds
176,Nikolsk,RU,53.7189,46.0712,33.3,66,64,5.55,broken clouds
177,Luderitz,NA,-26.6481,15.1594,73.06,24,0,12.08,clear sky
178,Marawi,PH,7.9986,124.2928,77.63,79,97,1.25,overcast clouds
179,Havre-Saint-Pierre,CA,50.2334,-63.5986,36.93,71,95,10.92,overcast clouds
180,Lagoa,PT,39.05,-27.9833,60.96,82,9,2.75,clear sky
181,Belaya Gora,RU,68.5333,146.4167,31.39,100,47,6.38,scattered clouds
182,Chernyshevskiy,RU,63.0128,112.4714,24.28,68,0,6.98,clear sky
183,Lorengau,PG,-2.0226,147.2712,83.14,76,100,2.17,overcast clouds
184,Cherskiy,RU,68.75,161.3,29.48,86,48,10.71,scattered clouds
185,Dunedin,NZ,-45.8742,170.5036,65.8,64,3,5.99,clear sky
186,Hobart,AU,-42.8794,147.3294,67.86,58,75,17.27,broken clouds
187,Rancho Palos Verdes,US,33.7445,-118.387,71.65,78,20,16.11,few clouds
188,Namatanai,PG,-3.6667,152.4333,85.32,67,13,7.45,few clouds
189,Jinchang,CN,38.4953,102.1739,54.73,21,0,6.29,clear sky
190,Plouzane,FR,48.3833,-4.6167,50.32,96,100,9.22,light rain
191,Carnarvon,AU,-24.8667,113.6333,78.87,38,0,9.22,clear sky
192,Flin Flon,CA,54.7682,-101.865,32.4,88,100,6.58,overcast clouds
193,Tateyama,JP,34.9833,139.8667,57.42,66,100,5.82,overcast clouds
194,Ketchikan,US,55.3422,-131.6461,44.58,92,100,10.76,moderate rain
195,Vila,PT,42.0304,-8.1588,45.48,89,76,2.35,broken clouds
196,Tuktoyaktuk,CA,69.4541,-133.0374,33.82,99,100,10.27,overcast clouds
197,Teya,RU,60.3778,92.6267,32.68,77,100,11.63,overcast clouds
198,Laranjeiras Do Sul,BR,-25.4078,-52.4161,60.01,95,27,2.68,scattered clouds
199,Mawlaik,MM,23.6333,94.4167,78.01,67,85,2.24,overcast clouds
200,Pangkalanbuun,ID,-2.6833,111.6167,82.42,79,19,3.71,few clouds
201,Walvis Bay,NA,-22.9575,14.5053,61.39,71,0,8.19,clear sky
202,Samarai,PG,-10.6167,150.6667,82.94,74,62,8.63,broken clouds
203,Korla,CN,41.7597,86.1469,61.18,25,6,3.87,clear sky
204,Fushun,CN,41.8558,123.9233,53.31,47,6,7.7,clear sky
205,Kendari,ID,-3.945,122.4989,83.59,74,46,3.62,scattered clouds
206,Iroquois Falls,CA,48.7669,-80.6831,48.04,82,100,5.5,overcast clouds
207,Kodinsk,RU,58.6881,99.1844,33.82,76,100,10.6,overcast clouds
208,Constitucion,CL,-35.3333,-72.4167,52.93,75,12,7.31,few clouds
209,Saskylakh,RU,71.9167,114.0833,16.14,90,34,5.73,scattered clouds
210,Amapa,BR,1.0,-52.0,72.61,99,100,2.37,overcast clouds
211,Maymyo,MM,22.0333,96.4667,75.15,61,2,2.42,clear sky
212,Cabo San Lucas,MX,22.8909,-109.9124,85.3,31,0,10.36,clear sky
213,Lasa,IT,46.6166,10.7002,44.37,91,48,3.49,scattered clouds
214,Ponta Do Sol,PT,32.6667,-17.1,64.71,75,0,4.12,clear sky
215,Tombouctou,ML,20.0,-3.0,75.22,19,0,11.68,clear sky
216,Karratha,AU,-20.7377,116.8463,82.94,45,100,16.64,light rain
217,San Cristobal,VE,7.7669,-72.225,77.18,95,94,3.18,overcast clouds
218,Kedrovyy,RU,56.1667,91.8167,43.21,80,100,6.17,overcast clouds
219,Camocim,BR,-2.9022,-40.8411,76.93,90,100,10.29,overcast clouds
220,Sibu,MY,2.3,111.8167,82.15,81,85,2.08,overcast clouds
221,Deputatskiy,RU,69.3,139.9,30.16,83,100,0.69,overcast clouds
222,Provideniya,RU,64.3833,-173.3,29.44,56,8,12.19,clear sky
223,Catalao,BR,-18.1658,-47.9464,66.07,48,0,5.14,clear sky
224,Tautira,PF,-17.7333,-149.15,79.65,73,83,6.71,broken clouds
225,Uvat,RU,59.1433,68.8953,36.0,77,100,6.87,overcast clouds
226,Bengbu,CN,32.9408,117.3608,66.02,51,8,11.45,clear sky
227,Gazojak,TM,41.1875,61.4036,66.79,57,100,12.17,overcast clouds
228,Bambous Virieux,MU,-20.3428,57.7575,73.22,83,0,2.93,clear sky
229,Orotukan,RU,62.2667,151.7,32.36,91,32,4.74,scattered clouds
230,Soyo,AO,-6.1349,12.3689,77.25,91,59,1.74,broken clouds
231,Codrington,AU,-38.2667,141.9667,66.97,56,100,12.62,overcast clouds
232,Misratah,LY,32.3754,15.0925,63.63,80,4,28.83,clear sky
233,Tonantins,BR,-2.8731,-67.8022,72.9,99,98,1.3,overcast clouds
234,Mackay,AU,-21.15,149.2,79.68,76,38,17.98,scattered clouds
235,Porto Santo,PT,33.072,-16.3415,62.98,77,40,10.36,scattered clouds
236,Vostok,RU,46.4856,135.8833,41.47,58,100,4.05,overcast clouds
237,Granada,ES,37.25,-3.25,54.3,76,0,7.18,clear sky
238,Chokurdakh,RU,70.6333,147.9167,30.07,89,41,10.45,scattered clouds
239,Padang,ID,-0.9492,100.3543,79.84,83,100,2.37,moderate rain
240,Kinston,US,35.2627,-77.5816,75.31,56,40,9.22,scattered clouds
241,Zhigansk,RU,66.7697,123.3711,18.93,82,100,22.08,overcast clouds
242,Sabang,ID,5.8933,95.3214,83.73,74,100,17.92,overcast clouds
243,Nanortalik,GL,60.1432,-45.2371,37.09,84,100,4.59,overcast clouds
244,Karasuk,RU,53.7377,78.0403,47.71,60,79,14.94,broken clouds
245,Visnes,NO,59.3556,5.2242,42.22,87,20,1.14,few clouds
246,Olafsvik,IS,64.8945,-23.7142,33.1,65,8,19.01,clear sky
247,Upernavik,GL,72.7868,-56.1549,-1.7,89,6,3.65,clear sky
248,Cayenne,GF,4.9333,-52.3333,82.09,6,75,7.0,broken clouds
249,Bathsheba,BB,13.2167,-59.5167,79.41,83,20,14.97,few clouds
250,Ardakan,IR,32.31,54.0175,64.42,58,4,7.49,clear sky
251,Atherton,GB,53.5237,-2.4935,53.29,91,100,1.28,overcast clouds
252,Ishigaki,JP,24.3448,124.1572,68.77,83,100,24.99,overcast clouds
253,Chifeng,CN,42.2683,118.9636,54.43,21,23,5.66,few clouds
254,Pisco,PE,-13.7,-76.2167,64.45,82,0,4.61,clear sky
255,Norman Wells,CA,65.282,-126.8329,51.55,58,98,13.98,overcast clouds
256,Sirvintos,LT,55.05,24.95,38.62,94,23,3.85,few clouds
257,Micheweni,TZ,-4.9667,39.8333,78.35,83,99,13.53,moderate rain
258,Los Llanos De Aridane,ES,28.6585,-17.9182,62.35,77,0,13.8,clear sky
259,Jashpurnagar,IN,22.9,84.15,75.38,61,3,3.96,clear sky
260,Petauke,ZM,-14.2426,31.3253,59.92,80,0,11.12,clear sky
261,Candelaria,PH,13.9311,121.4233,84.38,63,100,6.24,overcast clouds
262,Resistencia,AR,-27.4606,-58.9839,64.09,100,100,4.61,overcast clouds
263,Araouane,ML,18.9048,-3.5265,78.1,15,0,10.74,clear sky
264,Port Macquarie,AU,-31.4333,152.9167,70.9,57,63,3.47,broken clouds
265,Taksimo,RU,56.3444,114.8794,41.34,54,72,8.19,broken clouds
266,Trinidad,BO,-14.8333,-64.9,74.91,72,100,3.47,overcast clouds
267,Bahia Blanca,AR,-38.7196,-62.2724,50.38,73,100,8.57,overcast clouds
268,Dordrecht,NL,51.81,4.6736,49.98,78,54,3.0,broken clouds
269,Kem,RU,64.9555,34.5793,32.14,95,100,7.09,overcast clouds
270,Birobidzhan,RU,48.8,132.95,44.89,60,100,3.74,overcast clouds
271,Marsh Harbour,BS,26.5412,-77.0636,74.46,78,30,17.83,scattered clouds
272,Santa,PH,17.486,120.4348,90.01,72,33,3.11,scattered clouds
273,Roanoke Rapids,US,36.4615,-77.6542,66.78,97,100,4.0,overcast clouds
274,Bang Saphan,TH,11.2126,99.5117,78.55,86,100,4.0,overcast clouds
275,Puerto Madryn,AR,-42.7692,-65.0385,50.56,65,100,11.77,overcast clouds
276,Domvraina,GR,38.25,22.9833,58.91,71,100,5.7,overcast clouds
277,Nhamunda,BR,-2.1861,-56.7131,74.7,96,85,1.36,overcast clouds
278,Requena,ES,39.4883,-1.1004,54.88,78,40,1.86,scattered clouds
279,Muros,ES,42.7762,-9.0603,51.22,86,100,4.65,overcast clouds
280,Gravdal,NO,68.1214,13.5031,35.98,71,100,17.38,overcast clouds
281,De Aar,ZA,-30.6497,24.0123,56.3,40,0,2.35,clear sky
282,Boguchany,RU,58.3814,97.4531,34.93,74,100,9.51,overcast clouds
283,Mount Gambier,AU,-37.8333,140.7667,62.51,82,100,13.8,overcast clouds
284,Motegi,JP,36.5167,140.1833,60.37,49,10,2.08,clear sky
285,Hami,CN,42.8,93.45,66.78,10,18,6.62,few clouds
286,Oyem,GA,1.5995,11.5793,67.66,99,100,2.86,overcast clouds
287,Aitape,PG,-3.1374,142.3475,82.36,81,93,5.68,overcast clouds
288,Ola,RU,59.5833,151.2833,44.15,85,48,7.16,scattered clouds
289,Narasannapeta,IN,18.4167,84.05,82.85,81,21,12.53,few clouds
290,Iqaluit,CA,63.7506,-68.5145,25.7,86,40,5.99,scattered clouds
291,Sarangani,PH,5.4033,125.4636,82.35,72,100,1.66,overcast clouds
292,Concepcion Del Oro,MX,24.6333,-101.4167,77.99,7,98,14.23,overcast clouds
293,Kavaratti,IN,10.5669,72.642,84.16,71,100,9.15,overcast clouds
294,La Ronge,CA,55.1001,-105.2842,35.85,55,20,10.36,few clouds
295,Ylojarvi,FI,61.5563,23.5961,36.95,74,0,5.75,clear sky
296,Airai,TL,-8.9266,125.4092,72.23,49,68,5.37,broken clouds
297,Newton,US,42.337,-71.2092,57.18,51,0,9.22,clear sky
298,Kirakira,SB,-10.4544,161.9205,82.45,79,100,8.84,heavy intensity rain
299,Itupiranga,BR,-5.1347,-49.3267,77.32,92,58,1.34,broken clouds
300,Omsukchan,RU,62.5333,155.8,29.01,89,52,7.94,broken clouds
301,Port Moresby,PG,-9.4431,147.1797,85.42,66,75,5.75,broken clouds
302,Moranbah,AU,-22.0016,148.0466,77.45,56,89,17.72,overcast clouds
303,Tazovskiy,RU,67.4667,78.7,10.26,97,77,5.39,broken clouds
304,Hauterive,FR,46.0901,3.4459,45.36,94,90,1.72,overcast clouds
305,Sisimiut,GL,66.9395,-53.6735,25.65,74,100,6.22,overcast clouds
306,Ostrovnoy,RU,68.0531,39.5131,14.23,93,50,8.19,scattered clouds
307,Ahipara,NZ,-35.1667,173.1667,68.58,60,100,6.49,overcast clouds
308,Sao Filipe,CV,14.8961,-24.4956,73.04,73,0,7.7,clear sky
309,Rio Grande,BR,-32.035,-52.0986,49.95,74,10,9.4,clear sky
310,Barra Patuca,HN,15.8,-84.2833,79.81,82,100,10.67,overcast clouds
311,Henties Bay,NA,-22.116,14.2845,63.3,66,0,6.53,clear sky
312,Tazmalt,DZ,36.3868,4.3989,58.24,75,4,2.37,clear sky
313,Parkes,AU,-33.1333,148.1833,62.64,56,96,1.03,overcast clouds
314,Lesnyye Polyany,RU,55.9667,37.8667,45.75,91,100,4.21,overcast clouds
315,Mareeba,AU,-17.0,145.4333,80.44,68,16,6.55,few clouds
316,Shimoda,JP,34.6667,138.95,58.35,73,100,8.41,overcast clouds
317,Xining,CN,36.6167,101.7667,39.51,51,0,3.2,clear sky
318,Angoche,MZ,-16.2325,39.9086,76.14,71,82,13.51,broken clouds
319,Caucaia,BR,-3.7361,-38.6531,78.75,82,75,6.91,broken clouds
320,Nuristan,AF,35.3,70.8333,40.53,58,50,6.69,scattered clouds
321,Tura,IN,25.5198,90.2201,72.46,90,47,5.14,light rain
322,Cardston,CA,49.2,-113.3019,55.54,44,75,8.84,broken clouds
323,Port Elizabeth,ZA,-33.918,25.5701,54.32,92,0,1.01,clear sky
324,Qasigiannguit,GL,68.8193,-51.1922,17.85,85,11,4.16,few clouds
325,Vila Franca Do Campo,PT,37.7167,-25.4333,66.2,92,23,3.02,few clouds
326,Vaasa,FI,63.096,21.6158,41.95,87,0,8.05,light rain
327,Port Hedland,AU,-20.3167,118.5667,80.65,54,97,12.66,overcast clouds
328,Caldwell,US,43.6629,-116.6874,69.15,34,0,11.5,clear sky
329,Hvide Sande,DK,56.0045,8.1294,46.26,78,52,11.77,broken clouds
330,Clyde River,CA,70.4692,-68.5914,8.83,85,100,16.11,light snow
331,Natal,BR,-5.795,-35.2094,79.02,94,75,4.61,broken clouds
332,Hervey Bay,AU,-25.2986,152.8535,70.02,90,100,5.01,light rain
333,Alta Floresta,BR,-9.8756,-56.0861,75.18,81,99,1.74,overcast clouds
334,Menomonie,US,44.8755,-91.9193,46.42,97,100,13.51,overcast clouds
335,Khatanga,RU,71.9667,102.5,18.16,86,97,11.65,overcast clouds
336,Aklavik,CA,68.2191,-135.0107,38.14,88,100,14.14,overcast clouds
337,Shirokiy,RU,49.758,129.523,51.28,39,100,7.78,overcast clouds
338,Pangnirtung,CA,66.1451,-65.7125,26.76,97,100,4.97,light snow
339,Rabo De Peixe,PT,37.8,-25.5833,65.28,74,75,4.61,broken clouds
340,Hare Bay,CA,48.8499,-54.0148,33.19,98,100,2.37,overcast clouds
341,Mount Isa,AU,-20.7333,139.5,82.17,47,0,10.36,clear sky
342,Tulum,MX,20.2167,-87.4667,78.22,79,1,7.58,clear sky
343,Chicama,PE,-7.8447,-79.1469,63.14,84,58,7.11,broken clouds
344,Balakhninskiy,RU,58.0106,114.2769,33.37,66,95,12.46,overcast clouds
345,Srednekolymsk,RU,67.45,153.6833,33.82,100,100,3.02,overcast clouds
346,San Vicente,AR,-26.6167,-54.1333,62.06,99,55,2.28,broken clouds
347,Kahului,US,20.8947,-156.47,78.82,72,40,19.57,scattered clouds
348,Mana,GF,5.6592,-53.7767,77.47,86,96,10.83,overcast clouds
349,Wawa,NG,9.9022,4.4192,80.98,65,59,4.09,broken clouds
350,Arman,RU,59.7,150.1667,44.02,78,63,4.76,broken clouds
351,Halifax,CA,44.6453,-63.5724,39.22,81,100,8.05,overcast clouds
352,Vardo,NO,70.3705,31.1107,28.11,69,100,7.83,overcast clouds
353,Anadyr,RU,64.75,177.4833,25.3,74,0,13.42,clear sky
354,Gamba,GA,-2.65,10.0,75.27,96,100,2.57,moderate rain
355,Weatherford,US,32.7593,-97.7972,78.46,76,100,16.11,overcast clouds
356,Marrakesh,MA,31.6315,-8.0083,68.07,34,0,3.44,clear sky
357,Norwich,GB,52.6278,1.2983,52.32,79,100,1.01,overcast clouds
358,Qui Nhon,VN,13.7667,109.2333,76.75,92,100,11.61,overcast clouds
359,Mus,TR,39.0,41.75,46.4,86,100,3.83,overcast clouds
360,Salme,NP,28.0369,85.0942,59.29,64,99,0.4,overcast clouds
361,Khandyga,RU,62.6667,135.6,41.88,70,50,7.94,scattered clouds
362,Saint-Georges,GD,12.0564,-61.7485,80.28,78,20,11.5,few clouds
363,Necochea,AR,-38.5473,-58.7368,51.08,66,100,7.58,overcast clouds
364,Lamu,KE,-2.2717,40.902,82.62,84,95,14.74,moderate rain
365,Orodara,BF,10.9492,-4.9342,77.45,60,68,2.04,broken clouds
366,El Dorado,US,38.7666,-120.5177,69.64,38,0,5.01,clear sky
367,Mayumba,GA,-3.432,10.6554,77.36,93,87,4.45,light rain
368,Izumo,JP,35.3667,132.7667,62.55,55,75,17.27,broken clouds
369,Richards Bay,ZA,-28.783,32.0377,61.36,81,0,6.93,clear sky
370,George Town,MY,5.4112,100.3354,82.33,89,40,6.91,scattered clouds
371,Berbera,SO,10.4396,45.0143,83.89,75,62,6.6,broken clouds
372,Mujiayingzi,CN,42.1167,118.7833,55.24,38,77,6.35,broken clouds
373,La Crosse,US,43.8014,-91.2396,47.41,84,100,5.01,overcast clouds
374,General Pico,AR,-35.6566,-63.7568,48.43,64,0,7.94,clear sky
375,Labuhan,ID,-6.8844,112.2051,82.38,82,96,8.16,overcast clouds
376,Yerbogachen,RU,61.2767,108.0108,29.43,54,5,2.71,clear sky
377,Chingirlau,KZ,51.095,54.0814,37.56,71,0,10.4,clear sky
378,Quatre Cocos,MU,-20.2078,57.7625,73.51,85,2,4.12,clear sky
379,Agadez,NE,19.75,10.25,84.79,11,7,10.78,clear sky
380,Janauba,BR,-15.8025,-43.3089,78.08,47,99,13.04,overcast clouds
381,Alvaraes,BR,-3.2208,-64.8042,73.99,98,100,3.6,moderate rain
382,Sakakah,SA,29.9697,40.2064,67.57,37,0,9.19,clear sky
383,Santander,ES,43.4647,-3.8044,57.31,90,100,4.0,overcast clouds
384,Itoman,JP,26.1247,127.6694,66.58,86,75,12.66,light rain
385,Havelock,US,34.8791,-76.9013,69.98,85,0,8.05,clear sky
386,Bandarbeyla,SO,9.4942,50.8122,82.58,81,100,7.96,overcast clouds
387,Ningbo,CN,29.8782,121.5495,66.18,68,63,6.71,haze
388,Ixtapa,MX,20.7,-105.2,76.23,78,20,9.22,few clouds
389,Umm Lajj,SA,25.0213,37.2685,78.19,50,0,9.31,clear sky
390,Benghazi,LY,32.1167,20.0667,64.96,84,0,18.97,clear sky
391,Ulladulla,AU,-35.35,150.4667,70.7,49,2,4.09,clear sky
392,Morondava,MG,-20.2833,44.2833,70.63,75,0,10.25,clear sky
393,Chapais,CA,49.7834,-74.8492,46.18,93,58,5.77,broken clouds
394,Le Port,RE,-20.9373,55.2919,73.62,75,1,3.15,clear sky
395,Poum,NC,-20.2333,164.0167,78.85,77,18,4.27,few clouds
396,Aripuana,BR,-9.1667,-60.6333,74.25,91,52,1.01,broken clouds
397,Fleet,GB,51.2833,-0.8333,49.39,83,100,3.44,mist
398,Coquimbo,CL,-29.9533,-71.3436,55.13,87,0,2.3,clear sky
399,Cairns,AU,-16.9167,145.7667,85.06,79,40,14.97,light rain
400,Mwinilunga,ZM,-11.7358,24.4293,54.21,81,10,5.21,clear sky
401,Namibe,AO,-15.1961,12.1522,73.67,68,93,8.7,overcast clouds
402,Esperance,AU,-33.8667,121.9,64.24,58,14,8.63,few clouds
403,Arica,CL,-18.475,-70.3042,61.03,67,0,3.44,clear sky
404,Rorvik,NO,64.8621,11.2373,40.41,96,100,28.05,light rain
405,Mococa,BR,-21.4678,-47.0047,67.37,68,17,3.42,few clouds
406,Lao Cai,VN,22.4833,103.95,69.76,61,92,2.51,overcast clouds
407,Santa Cruz De Tenerife,ES,28.4682,-16.2546,67.87,55,0,2.3,clear sky
408,Linhares,BR,-19.3911,-40.0722,70.05,91,1,2.48,clear sky
409,Balabac,PH,7.9868,117.0645,84.24,74,40,6.51,scattered clouds
410,Atar,MR,20.5169,-13.0499,82.49,13,0,11.21,clear sky
411,Wajima,JP,37.4,136.9,53.37,57,100,1.41,overcast clouds
412,Vao,NC,-22.6667,167.4833,75.33,87,5,19.95,clear sky
413,Reconquista,AR,-29.15,-59.65,61.11,88,100,7.11,overcast clouds
414,Hualmay,PE,-11.0964,-77.6139,65.7,86,100,7.2,overcast clouds
415,Komsomolskiy,UZ,40.4272,71.7189,70.52,49,100,6.91,overcast clouds
416,Saint Pete Beach,US,27.7253,-82.7412,77.0,79,100,8.05,overcast clouds
417,Poshekhonye,RU,58.4993,39.1353,29.98,95,69,3.89,broken clouds
418,Edgewater,US,28.9889,-80.9023,75.13,83,20,5.75,few clouds
419,Manakara,MG,-22.1333,48.0167,68.18,94,26,5.95,scattered clouds
420,Savonlinna,FI,61.8699,28.88,33.85,80,0,4.61,clear sky
421,Port Lincoln,AU,-34.7333,135.8667,64.51,68,0,10.8,clear sky
422,Stockton-On-Tees,GB,54.5685,-1.3187,53.42,81,100,4.38,overcast clouds
423,Anchorage,US,61.2181,-149.9003,56.28,42,0,15.01,clear sky
424,Tomatlan,MX,19.9333,-105.25,79.3,51,1,5.57,clear sky
425,Mingshui,CN,36.7167,117.5,69.8,26,17,4.5,few clouds
426,Solnechnyy,RU,50.7214,136.6319,38.03,75,97,4.85,overcast clouds
427,Upata,VE,8.0086,-62.3989,77.2,76,23,8.7,few clouds
428,Sainte-Maxime,FR,43.3,6.6333,55.18,82,26,1.61,scattered clouds
429,Mitsamiouli,KM,-11.3847,43.2844,80.56,72,7,14.45,clear sky
430,Nyurba,RU,63.2842,118.3319,26.08,52,56,13.71,broken clouds
431,Rosarito,MX,32.3333,-117.0333,65.41,70,52,7.14,broken clouds
432,Svetlaya,RU,46.5389,138.3297,38.16,83,100,16.98,overcast clouds
433,Ha Giang,VN,22.8333,104.9833,68.31,68,99,4.25,overcast clouds
434,Lago Da Pedra,BR,-4.3333,-45.1667,74.28,92,100,2.24,overcast clouds
435,Mogadishu,SO,2.0371,45.3438,81.7,80,91,13.47,moderate rain
436,Qeshm,IR,26.9581,56.2719,80.49,78,0,2.55,clear sky
437,Bubaque,GW,11.2833,-15.8333,77.58,71,100,10.94,overcast clouds
438,Pouembout,NC,-21.1333,164.9,82.6,69,51,3.87,broken clouds
439,Bensonville,LR,6.4461,-10.6125,77.92,89,100,4.97,light rain
440,Santa Fe,AR,-31.6333,-60.7,60.03,66,87,3.0,light rain
441,Moose Factory,CA,51.2585,-80.6094,41.0,70,75,9.22,broken clouds
442,Garowe,SO,8.4054,48.4845,80.6,63,27,11.18,light rain
443,Francisco Sa,BR,-16.4758,-43.4883,69.94,48,100,14.34,overcast clouds
444,Inhambane,MZ,-23.865,35.3833,68.58,86,34,8.63,light rain
445,Seabra,BR,-12.4186,-41.7703,63.34,89,4,3.76,clear sky
446,Bogovarovo,RU,58.9785,47.0246,30.09,96,91,4.27,overcast clouds
447,Fare,PF,-16.7,-151.0167,80.98,72,93,7.94,overcast clouds
448,Grindavik,IS,63.8424,-22.4338,37.87,87,0,6.91,clear sky
449,Cukai,MY,4.25,103.4167,80.55,86,100,4.14,overcast clouds
450,College,US,64.8569,-147.8028,56.59,35,75,3.44,broken clouds
451,Salinopolis,BR,-0.6136,-47.3561,77.47,89,97,4.81,moderate rain
452,Bhitarwar,IN,25.8,78.1167,89.8,22,97,4.81,overcast clouds
453,Lahij,YE,13.1667,44.5833,78.26,55,4,2.62,clear sky
454,Itaituba,BR,-4.2761,-55.9836,74.28,98,100,1.01,overcast clouds
455,Hofn,IS,64.2539,-15.2082,34.45,60,100,13.18,overcast clouds
456,Katsuura,JP,35.1333,140.3,58.6,59,100,9.98,overcast clouds
457,Baghdad,IQ,33.3406,44.4009,67.91,56,0,6.91,clear sky
458,Namwala,ZM,-15.7504,26.4384,56.12,77,0,4.38,clear sky
459,Wagga Wagga,AU,-35.1167,147.3667,65.84,67,0,5.75,clear sky
460,Hirara,JP,24.8,125.2833,69.66,83,75,20.71,broken clouds
461,Taunggyi,MM,20.7833,97.0333,75.18,51,7,1.28,clear sky
462,Botngard,NO,63.7653,9.8111,44.78,87,75,35.68,broken clouds
463,Tuatapere,NZ,-46.1333,167.6833,61.14,67,7,7.4,clear sky
464,Jieshi,CN,22.8134,115.8257,62.94,91,100,11.54,light rain
465,Puerto Escondido,MX,15.85,-97.0667,83.68,68,100,3.85,overcast clouds
466,Mehamn,NO,71.0357,27.8492,25.32,80,98,13.24,overcast clouds
467,Paramonga,PE,-10.6667,-77.8333,65.84,87,100,7.56,overcast clouds
468,Port Augusta,AU,-32.5,137.7667,67.24,40,0,3.38,clear sky
469,Pavlohrad,UA,48.5167,35.8667,44.2,75,65,5.46,broken clouds
470,Shahr-E Kord,IR,32.3256,50.8644,53.37,35,0,6.91,clear sky
471,Shiyan,CN,32.6475,110.7781,64.65,41,0,6.67,clear sky
472,Tigil,RU,57.8,158.6667,34.02,92,97,7.92,overcast clouds
473,Staryy Nadym,RU,65.6118,72.6842,21.76,94,100,4.76,overcast clouds
474,Inuvik,CA,68.3499,-133.7218,52.56,40,75,8.05,broken clouds
475,Kabare,CD,-2.4683,28.8242,58.95,93,100,1.07,overcast clouds
476,Te Anau,NZ,-45.4167,167.7167,59.95,62,10,5.46,clear sky
477,Honiara,SB,-9.4333,159.95,83.32,78,100,4.65,overcast clouds
478,Dongsheng,CN,39.8161,109.9776,59.49,12,9,16.13,clear sky
479,Beloha,MG,-25.1667,45.05,64.87,81,0,3.2,clear sky
480,Nishihara,JP,26.1842,127.7558,65.86,88,100,12.66,light intensity shower rain
481,Tarbagatay,RU,51.4803,107.3602,58.53,36,100,3.09,overcast clouds
482,Pampa,US,35.5362,-100.9599,75.24,41,0,28.77,light rain
483,Wanganui,NZ,-39.9333,175.05,67.59,69,93,3.0,light rain
484,Teguldet,RU,57.3064,88.1667,40.62,87,100,9.08,overcast clouds
485,Pimentel,PE,-6.8367,-79.9342,66.45,87,96,13.2,overcast clouds
486,Charlestown,AU,-32.95,151.6667,72.01,82,0,1.99,clear sky
487,Goba,ET,7.0167,39.9833,51.4,85,99,3.06,overcast clouds
488,San Policarpo,PH,12.1791,125.5072,83.37,71,100,8.12,overcast clouds
489,Gayeri,BF,12.6497,0.4931,89.56,33,46,8.14,scattered clouds
490,Cantaura,VE,9.3057,-64.3584,81.84,55,12,13.78,few clouds
491,Dhidhdhoo,MV,6.8833,73.1,85.3,75,84,16.84,broken clouds
492,Tonj,SS,7.2737,28.6822,79.32,56,99,8.25,overcast clouds
493,Vila Do Maio,CV,15.1333,-23.2167,70.59,80,0,14.0,clear sky
494,Makokou,GA,0.5738,12.8642,70.92,96,100,2.68,overcast clouds
495,Camacha,PT,33.0833,-16.3333,60.22,77,40,11.5,scattered clouds
496,Bandiagara,ML,14.3501,-3.6104,88.84,23,99,8.95,overcast clouds
497,Katherine,AU,-14.4667,132.2667,88.12,40,13,17.27,few clouds
498,Pangai,TO,-19.8,-174.35,82.51,78,75,4.61,broken clouds
499,Andra,RU,62.5147,65.8878,29.23,94,100,14.47,snow
500,Keti Bandar,PK,24.1447,67.4497,82.17,76,0,16.55,clear sky
501,Portland,US,45.5234,-122.6762,66.83,54,100,4.61,overcast clouds
502,Nuuk,GL,64.1835,-51.7216,29.01,86,75,9.22,broken clouds
503,Arrifes,PT,37.7667,-25.7,64.24,77,75,4.61,broken clouds
504,Huambo,AO,-12.7761,15.7392,59.88,65,97,2.59,overcast clouds
505,Ailigandi,PA,9.2333,-78.0167,79.74,85,100,4.85,overcast clouds
506,Dudinka,RU,69.4058,86.1778,20.62,95,100,11.25,overcast clouds
507,Pakxan,LA,18.3778,103.6601,69.85,77,100,6.31,overcast clouds
508,Houma,US,29.5958,-90.7195,75.99,91,40,3.44,scattered clouds
509,Plakhtiyivka,UA,46.1006,29.7217,52.39,52,95,2.62,overcast clouds
510,Kusti,SD,13.1629,32.6635,86.04,29,100,7.94,overcast clouds
511,Kharitonovo,RU,61.4009,47.4978,27.41,95,60,3.91,broken clouds
512,Los Algarrobos,PA,8.5,-82.4333,73.81,94,75,8.05,broken clouds
513,Kaili,ID,-3.4626,120.2147,77.14,71,20,2.48,few clouds
514,Rawson,AR,-43.3002,-65.1023,51.51,60,100,10.42,overcast clouds
515,Yaan,NG,7.3833,8.5667,78.31,74,31,5.93,scattered clouds
516,Seguin,US,29.5688,-97.9647,83.84,66,0,17.27,clear sky
517,Lengshuitan,CN,26.4111,111.5956,62.51,70,57,2.08,broken clouds
518,Mirnyy,RU,62.5353,113.9611,28.24,36,0,18.01,clear sky
519,Sistranda,NO,63.7256,8.834,42.76,87,100,46.6,overcast clouds
520,Havoysund,NO,70.9963,24.6622,28.63,82,99,25.9,overcast clouds
521,Tommot,RU,58.9564,126.2925,35.62,76,98,14.94,overcast clouds
522,Batagay,RU,67.6333,134.6333,33.71,80,100,4.16,overcast clouds
523,Chiknayakanhalli,IN,13.4172,76.6228,72.52,74,23,6.15,few clouds
524,Roma,US,43.2128,-75.4557,59.14,38,0,6.91,clear sky
525,Saint-Joseph,RE,-21.3667,55.6167,72.21,77,0,2.82,clear sky
526,Yumen,CN,40.2833,97.2,56.19,12,8,3.02,clear sky
527,Merauke,ID,-8.4667,140.3333,80.19,86,100,10.47,overcast clouds
528,Tilichiki,RU,60.4667,166.1,26.19,84,9,4.21,clear sky
529,Tuscaloosa,US,33.2098,-87.5692,75.22,88,75,0.0,broken clouds
530,Lysyye Gory,RU,51.5506,44.8414,39.92,59,3,3.49,clear sky
531,Sterling,US,39.0062,-77.4286,58.55,91,40,3.44,scattered clouds
532,Hobyo,SO,5.3505,48.5268,84.04,71,100,18.54,light rain
533,Kruisfontein,ZA,-34.0033,24.7314,48.88,88,0,4.45,clear sky
534,Opoczno,PL,51.3757,20.2783,45.64,64,36,0.89,scattered clouds
535,Kamenka,RU,51.3223,42.7678,37.27,56,5,3.85,clear sky
536,Tarrafal,CV,15.2833,-23.7667,70.59,82,0,13.11,clear sky
537,Nome,US,64.5011,-165.4064,44.67,54,0,25.32,clear sky
538,Bundaberg,AU,-24.85,152.35,73.69,92,100,16.11,light rain
539,Muroto,JP,33.2833,134.15,61.03,50,100,4.43,overcast clouds
540,Smithers,CA,54.7804,-127.1743,50.32,57,100,8.05,light rain
541,Paita,PE,-5.0892,-81.1144,68.0,84,68,12.19,broken clouds
542,Ballina,AU,-28.8667,153.5667,75.38,64,40,12.66,scattered clouds
543,Khani,GE,41.9563,42.9566,44.17,99,100,1.25,light rain
544,Pathalgaon,IN,22.5667,83.4667,77.58,54,10,3.33,clear sky
545,Machaneng,BW,-23.1862,27.4886,59.94,77,0,5.01,clear sky
546,Tahta,EG,26.7693,31.5021,75.67,24,7,2.59,clear sky
547,Point Pedro,LK,9.8167,80.2333,84.2,81,99,7.94,overcast clouds
548,Poronaysk,RU,49.2167,143.1167,35.06,99,100,11.34,snow
549,Drumheller,CA,51.4617,-112.7101,63.32,25,98,16.11,overcast clouds
550,Kingisepp,RU,59.3733,28.6134,33.82,92,44,4.56,scattered clouds
551,Caraballeda,VE,10.6112,-66.8522,83.37,78,40,3.44,scattered clouds
552,Newport,GB,51.5877,-2.9984,51.46,91,100,0.78,overcast clouds
553,Levokumskoye,RU,44.8219,44.6606,54.34,51,100,9.75,light rain
554,Voh,NC,-20.9667,164.7,83.08,68,50,3.33,scattered clouds
555,Christchurch,NZ,-43.5333,172.6333,70.0,62,4,5.75,clear sky
556,Hailar,CN,49.2,119.7,52.05,29,100,19.64,overcast clouds
557,Ha Noi,VN,21.0245,105.8412,71.6,55,96,10.02,overcast clouds
558,Alice Springs,AU,-23.7,133.8833,67.55,42,45,10.36,scattered clouds
559,Gushikawa,JP,26.3544,127.8686,65.79,91,75,11.5,light rain
560,Ekhabi,RU,53.5102,142.9671,33.6,96,100,7.47,overcast clouds
561,Alofi,NU,-19.0595,-169.9187,84.09,79,100,8.05,overcast clouds
562,Karasjok,NO,69.4719,25.5112,27.84,97,100,5.75,overcast clouds
563,Durusu,TR,41.3053,28.6767,53.83,94,51,10.0,broken clouds
564,Ambovombe,MG,-25.1667,46.0833,67.08,85,5,5.73,clear sky
565,Ponta Delgada,PT,37.7333,-25.6667,66.51,77,75,4.61,broken clouds
566,Wewak,PG,-3.5534,143.6268,81.43,82,100,4.14,overcast clouds
567,Bijapur,IN,16.8333,75.7,79.29,55,42,10.58,scattered clouds
568,Creston,US,41.0586,-94.3614,51.33,93,0,10.36,clear sky
569,Kibiti,TZ,-7.7218,38.9375,69.24,97,78,2.3,broken clouds
570,Sulangan,PH,11.1373,123.7228,81.7,73,98,8.39,overcast clouds
571,Kathmandu,NP,27.7167,85.3167,64.62,94,75,5.75,broken clouds
572,La Quinta,US,33.6634,-116.31,90.64,22,0,21.85,clear sky
573,Wasilla,US,61.5814,-149.4394,56.62,30,0,17.27,clear sky
574,Shubarshi,KZ,48.5872,57.1869,45.45,77,7,12.03,clear sky
575,Wenling,CN,28.3669,121.36,61.18,76,100,1.79,overcast clouds
576,Valvedditturai,LK,9.8167,80.1667,84.24,81,99,6.89,overcast clouds
577,Port-Gentil,GA,-0.7193,8.7815,81.18,79,100,8.81,light rain
578,Las Margaritas,MX,16.3167,-91.9833,65.77,75,100,7.58,overcast clouds
579,Longonjo,AO,-12.9067,15.2533,63.03,67,71,4.07,broken clouds
580,Jiwani,PK,25.05,61.7417,82.51,71,0,22.68,clear sky
581,Zhangye,CN,38.9342,100.4517,54.52,20,0,7.85,clear sky
582,Bilma,NE,18.6853,12.9164,89.78,11,8,8.95,clear sky
583,Arlit,NE,18.7369,7.3853,83.48,12,5,10.04,clear sky
584,Bonga,ET,7.2833,36.2333,61.0,99,100,0.98,moderate rain
585,Nanning,CN,22.8167,108.3167,66.65,59,16,8.3,few clouds
586,Cerano,MX,20.1167,-101.3833,78.57,17,75,6.69,broken clouds
587,Metro,ID,-5.1131,105.3067,80.96,79,99,4.61,overcast clouds
588,Sao Felix Do Xingu,BR,-6.6447,-51.995,75.99,83,53,2.42,broken clouds
589,Caxito,AO,-8.5785,13.6643,71.83,97,89,2.13,overcast clouds
590,Cuamba,MZ,-14.8031,36.5372,60.94,95,4,4.85,clear sky
591,Baruun-Urt,MN,46.6806,113.2792,60.19,35,25,12.66,scattered clouds
592,Yar-Sale,RU,66.8333,70.8333,9.63,87,13,6.15,few clouds
593,Bilibino,RU,68.0546,166.4372,24.39,61,61,3.18,broken clouds
594,Chandpur,IN,29.15,78.2667,82.76,34,12,12.19,few clouds
595,Montijo,PT,38.7067,-8.9739,59.54,76,75,9.22,broken clouds
596,Awash,ET,8.9833,40.1667,73.99,60,57,4.09,broken clouds
597,Dicabisagan,PH,17.0818,122.4157,83.95,70,100,4.94,overcast clouds
598,Saratoga Springs,US,43.0831,-73.7846,59.14,55,100,0.6,overcast clouds
599,Killybegs,IE,54.6333,-8.45,51.37,92,94,1.25,overcast clouds
600,Kunming,CN,25.0389,102.7183,42.73,75,100,13.42,overcast clouds
601,Karibib,NA,-21.9333,15.8333,64.04,33,0,8.16,clear sky
602,Parkersburg,US,39.2667,-81.5615,66.81,66,0,5.75,clear sky
603,Guisijan,PH,11.0932,122.0461,84.51,64,22,3.42,few clouds
604,Ladario,BR,-19.0047,-57.6017,82.24,40,100,1.83,overcast clouds
605,Aromashevo,RU,56.8602,68.6375,36.19,90,63,6.33,broken clouds
606,Kardailovo,RU,51.5386,53.9042,37.0,70,0,8.43,clear sky
607,Platonovka,RU,52.7106,41.952,36.97,61,84,4.88,broken clouds
608,Kabalo,CD,-6.05,26.9167,69.66,97,100,1.97,overcast clouds
609,Boa Vista,BR,2.8197,-60.6733,80.58,61,0,5.75,clear sky
610,Altar,MX,30.7,-111.8167,85.96,12,0,22.15,clear sky
611,Ouricuri,BR,-7.8825,-40.0817,77.02,58,95,8.5,overcast clouds
612,Tenenkou,ML,14.4572,-4.9169,90.88,35,94,3.91,overcast clouds
613,Lulea,SE,65.5842,22.1547,41.07,70,100,8.05,overcast clouds
614,Synya,RU,65.3718,58.0387,24.1,88,100,5.17,overcast clouds
615,Novyy Urengoy,RU,66.0833,76.6333,22.89,96,100,0.36,overcast clouds
616,Kawalu,ID,-7.3817,108.2082,77.86,84,98,1.57,overcast clouds
617,Bara,NG,10.3744,10.7288,86.22,44,58,7.58,broken clouds
618,Challapata,BO,-18.9,-66.7667,52.03,24,6,1.34,clear sky
619,Sur,OM,22.5667,59.5289,81.59,58,0,1.66,clear sky
620,Otavi,NA,-19.65,17.3333,62.6,49,12,6.26,few clouds
621,Westport,US,41.1415,-73.3579,57.85,57,0,0.0,clear sky
622,Amahai,ID,-3.3333,128.9167,84.72,70,53,1.54,broken clouds
623,Stokmarknes,NO,68.5646,14.9108,33.78,93,100,8.05,snow
624,Sitka,US,57.0531,-135.33,48.09,76,100,18.41,light rain
625,Mahon,ES,39.8885,4.2658,57.76,94,20,4.61,few clouds
626,Las Palmas,ES,28.4204,-14.0131,61.59,68,0,6.91,clear sky
627,Tabou,CI,4.423,-7.3528,80.67,81,34,7.16,scattered clouds
628,Kushima,JP,31.4583,131.2333,66.24,55,100,1.34,overcast clouds
629,Pemangkat,ID,1.1667,108.9667,81.34,81,100,5.35,overcast clouds
630,Ancud,CL,-41.8697,-73.8203,50.0,92,32,3.62,scattered clouds
631,Banon,ES,40.8382,-1.1909,52.86,100,98,6.91,overcast clouds
632,Konevo,RU,62.1215,39.3192,27.23,91,100,4.25,overcast clouds
633,Jalu,LY,29.0331,21.5482,75.76,43,100,14.81,overcast clouds
634,Miandoab,IR,36.9694,46.1027,52.48,79,100,4.52,overcast clouds
635,Bazarnyy Syzgan,RU,53.7512,46.7535,33.28,65,20,5.01,few clouds
636,Manzanillo,CU,20.3433,-77.1167,76.82,79,100,11.7,overcast clouds
637,Vrangel,RU,42.7297,133.0839,46.69,65,36,9.44,scattered clouds
638,Yellapur,IN,14.9667,74.7167,70.66,93,93,1.57,overcast clouds
639,Charlottesville,US,38.0293,-78.4767,66.42,88,40,3.44,scattered clouds
640,Kamaishi,JP,39.2667,141.8833,50.49,67,17,1.52,few clouds
641,Haines Junction,CA,60.7522,-137.5108,48.15,49,100,4.61,overcast clouds
642,Benavente,ES,42.0025,-5.6783,50.4,94,57,7.27,broken clouds
643,Maamba,ZM,-17.3667,27.15,62.13,70,4,0.98,clear sky
644,Bom Jesus,BR,-9.0744,-44.3586,82.38,38,91,3.02,overcast clouds
645,Udachnyy,RU,66.4167,112.4,24.76,76,47,12.46,scattered clouds
646,Sokoni,TZ,-6.4333,39.55,80.04,78,99,18.45,moderate rain
647,Puerto Leguizamo,CO,-0.1934,-74.7819,72.39,95,100,2.06,overcast clouds
648,Mao,ES,39.8885,4.2658,57.76,94,20,4.61,few clouds
649,Belogorsk,RU,50.9158,128.4611,52.7,27,100,8.39,overcast clouds
650,Saint-Augustin,CA,51.226,-58.6502,33.19,84,100,19.98,snow
651,Greymouth,NZ,-42.4667,171.2,60.93,90,100,5.03,overcast clouds
652,Majene,ID,-3.5403,118.9707,82.92,77,67,10.04,broken clouds
653,Kaka,TM,37.3482,59.6143,62.71,84,100,7.05,overcast clouds
654,Wuwei,CN,37.9281,102.6414,54.28,23,0,1.83,clear sky
655,Sao Mateus,BR,-18.7161,-39.8589,73.18,83,0,5.46,clear sky
656,Weyburn,CA,49.6668,-103.8511,55.62,30,35,10.36,scattered clouds
657,Juruti,BR,-2.1522,-56.0922,75.36,93,92,2.35,overcast clouds
658,Sola,VU,-13.8833,167.55,82.2,72,100,5.08,moderate rain
659,Amazar,RU,53.858,120.875,47.44,55,100,2.84,overcast clouds
660,Port Hueneme,US,34.1478,-119.1951,74.46,67,0,11.5,haze
661,Surt,LY,31.2089,16.5887,63.77,83,14,32.1,few clouds
662,Uyuni,BO,-20.4597,-66.825,48.16,22,0,10.94,clear sky
663,Hamada,JP,34.8833,132.0833,63.32,51,0,13.44,clear sky
664,Bulgan,MN,48.8125,103.5347,60.01,20,56,3.8,broken clouds
665,Umm Qays,JO,32.6535,35.6854,56.71,90,36,2.26,scattered clouds
666,Danane,CI,7.2596,-8.155,71.06,98,100,0.87,light rain
667,Port Hardy,CA,50.6996,-127.4199,51.98,76,100,5.75,light rain
668,Bouar,CF,5.934,15.596,65.01,89,100,2.66,overcast clouds
669,Coracora,PE,-15.0333,-73.7833,51.91,71,80,1.86,broken clouds
670,Asosa,ET,10.0667,34.5333,67.75,59,100,2.82,overcast clouds
671,Candolim,IN,15.5181,73.7626,82.4,78,40,2.3,scattered clouds
672,Carutapera,BR,-1.195,-46.02,75.78,94,100,4.16,moderate rain
673,Kingston,JM,17.997,-76.7936,81.55,84,40,27.63,light rain
674,Ambon,ID,-3.6954,128.1814,95.14,55,40,4.61,scattered clouds
675,Qaqortoq,GL,60.7167,-46.0333,36.39,90,98,0.92,overcast clouds
676,Udimskiy,RU,61.1417,45.9144,25.77,93,90,4.23,overcast clouds
677,Ayr,GB,55.4627,-4.6339,51.31,87,20,3.44,few clouds
678,Bukama,CD,-9.2,25.85,67.66,87,68,2.89,broken clouds
679,Asau,RO,46.4333,26.4,43.95,95,97,1.52,overcast clouds
680,Sal Rei,CV,16.1833,-22.9167,70.23,83,3,14.05,clear sky
681,Evensk,RU,61.95,159.2333,31.12,76,18,2.28,few clouds
682,Wanning,CN,18.8003,110.3967,69.21,95,100,16.46,overcast clouds
683,Taybad,IR,34.74,60.7756,59.92,73,93,9.22,overcast clouds
684,Sao Joao De Pirabas,BR,-0.7747,-47.1772,75.27,94,100,2.64,moderate rain
685,Morant Bay,JM,17.8815,-76.4093,82.02,87,95,10.11,overcast clouds
686,Malnas,RO,46.0167,25.8333,44.42,86,93,3.33,overcast clouds
687,Raga,SS,8.4596,25.678,77.18,58,100,6.02,overcast clouds
688,Guilin,CN,25.2819,110.2864,62.71,64,86,5.88,overcast clouds
689,Wolgast,DE,54.05,13.7667,45.86,81,43,1.14,scattered clouds
690,Salmon Arm,CA,50.6998,-119.3024,69.44,45,100,4.61,overcast clouds
691,Sri Aman,MY,1.2376,111.4621,75.25,100,40,0.0,heavy intensity rain
692,Dalvik,IS,65.9702,-18.5286,30.13,79,100,6.38,light snow
693,Santa Cruz,BO,-17.8,-63.1667,74.66,83,20,5.75,few clouds
